date,shift,arrivals_for_shift,required_nurses,staffed_nurses,unfilled_positions,locum_hours_used,locum_cost_zar,shift_total_cost_zar
2025-01-01,Day,15.58,4,4,0,0.0,0.0,5500.0
2025-01-01,Evening,15.58,4,4,0,0.0,0.0,6641.76
2025-01-01,Night,6.84,2,2,0,0.0,0.0,5362.56
2025-01-02,Day,25.83,7,7,0,0.0,0.0,7075.04
2025-01-02,Evening,25.83,6,6,0,0.0,0.0,8879.2
2025-01-02,Night,11.34,2,2,0,0.0,0.0,4572.9
2025-01-03,Day,27.06,7,7,0,0.0,0.0,9991.68
2025-01-03,Evening,27.06,6,6,0,0.0,0.0,5058.4
2025-01-03,Night,11.88,2,2,0,0.0,0.0,3015.6
2025-01-04,Day,20.5,6,6,0,0.0,0.0,8494.8
2025-01-04,Evening,20.5,5,5,0,0.0,0.0,9677.1
2025-01-04,Night,9.0,2,2,0,0.0,0.0,5487.48
2025-01-05,Day,27.47,7,7,0,0.0,0.0,14156.3
2025-01-05,Evening,27.47,6,6,0,0.0,0.0,5895.8
2025-01-05,Night,12.06,3,3,0,0.0,0.0,5006.28
2025-01-06,Day,27.06,7,7,0,0.0,0.0,7287.52
2025-01-06,Evening,27.06,6,6,0,0.0,0.0,10287.52
2025-01-06,Night,11.88,2,2,0,0.0,0.0,4854.1
2025-01-07,Day,27.47,7,7,0,0.0,0.0,7775.12
2025-01-07,Evening,27.47,6,6,0,0.0,0.0,5637.52
2025-01-07,Night,12.06,3,3,0,0.0,0.0,5093.7
2025-01-08,Day,24.19,7,7,0,0.0,0.0,6258.4
2025-01-08,Evening,24.19,5,5,0,0.0,0.0,4433.36
2025-01-08,Night,10.62,2,2,0,0.0,0.0,3859.4
2025-01-09,Day,30.34,8,8,0,0.0,0.0,10916.72
2025-01-09,Evening,30.34,7,7,0,0.0,0.0,7291.68
2025-01-09,Night,13.32,3,3,0,0.0,0.0,5734.4
2025-01-10,Day,26.24,7,7,0,0.0,0.0,8870.88
2025-01-10,Evening,26.24,6,6,0,0.0,0.0,5220.88
2025-01-10,Night,11.52,2,2,0,0.0,0.0,3718.7
2025-01-11,Day,25.01,7,7,0,0.0,0.0,13041.7
2025-01-11,Evening,25.01,6,6,0,0.0,0.0,10307.2
2025-01-11,Night,10.98,2,2,0,0.0,0.0,5312.52
2025-01-12,Day,14.76,4,4,0,0.0,0.0,5104.2
2025-01-12,Evening,14.76,3,3,0,0.0,0.0,3057.3
2025-01-12,Night,6.48,2,2,0,0.0,0.0,3531.24
2025-01-13,Day,25.01,7,7,0,0.0,0.0,10116.64
2025-01-13,Evening,25.01,6,6,0,0.0,0.0,8454.16
2025-01-13,Night,10.98,2,2,0,0.0,0.0,3760.5
2025-01-14,Day,25.42,7,7,0,0.0,0.0,8145.84
2025-01-14,Evening,25.42,6,6,0,0.0,0.0,5304.24
2025-01-14,Night,11.16,2,2,0,0.0,0.0,3052.1
2025-01-15,Day,25.01,7,7,0,0.0,0.0,6945.92
2025-01-15,Evening,25.01,6,6,0,0.0,0.0,4995.92
2025-01-15,Night,10.98,2,2,0,0.0,0.0,3093.7
2025-01-16,Day,31.98,8,8,0,0.0,0.0,11000.08
2025-01-16,Evening,31.98,7,7,0,0.0,0.0,7637.52
2025-01-16,Night,14.04,3,3,0,0.0,0.0,4385.4
2025-01-17,Day,27.06,7,7,0,0.0,0.0,10912.56
2025-01-17,Evening,27.06,6,6,0,0.0,0.0,4841.68
2025-01-17,Night,11.88,2,2,0,0.0,0.0,3265.7
2025-01-18,Day,22.14,6,6,0,0.0,0.0,9953.1
2025-01-18,Evening,22.14,5,5,0,0.0,0.0,9567.7
2025-01-18,Night,9.72,2,2,0,0.0,0.0,3756.24
2025-01-19,Day,21.73,6,6,0,0.0,0.0,9250.0
2025-01-19,Evening,21.73,5,5,0,0.0,0.0,5713.6
2025-01-19,Night,9.54,2,2,0,0.0,0.0,4543.68
2025-01-20,Day,27.47,7,7,0,0.0,0.0,10000.0
2025-01-20,Evening,27.47,6,6,0,0.0,0.0,9525.04
2025-01-20,Night,12.06,3,3,0,0.0,0.0,4463.5
2025-01-21,Day,26.24,7,7,0,0.0,0.0,7225.12
2025-01-21,Evening,26.24,6,6,0,0.0,0.0,7187.44
2025-01-21,Night,11.52,2,2,0,0.0,0.0,3156.2
2025-01-22,Day,28.7,8,8,0,0.0,0.0,7295.92
2025-01-22,Evening,28.7,6,6,0,0.0,0.0,6150.08
2025-01-22,Night,12.6,3,3,0,0.0,0.0,6250.0
2025-01-23,Day,31.98,8,8,0,0.0,0.0,8570.88
2025-01-23,Evening,31.98,7,7,0,0.0,0.0,7637.52
2025-01-23,Night,14.04,3,3,0,0.0,0.0,6390.6
2025-01-24,Day,31.57,8,8,0,0.0,0.0,12025.04
2025-01-24,Evening,31.57,7,7,0,0.0,0.0,5487.6
2025-01-24,Night,13.86,3,3,0,0.0,0.0,4744.8
2025-01-25,Day,25.01,7,7,0,0.0,0.0,11307.3
2025-01-25,Evening,25.01,6,6,0,0.0,0.0,7901.1
2025-01-25,Night,10.98,2,2,0,0.0,0.0,4631.28
2025-01-26,Day,24.19,7,7,0,0.0,0.0,9192.8
2025-01-26,Evening,24.19,5,5,0,0.0,0.0,7875.0
2025-01-26,Night,10.62,2,2,0,0.0,0.0,4887.48
2025-01-27,Day,32.39,9,9,0,0.0,0.0,12758.4
2025-01-27,Evening,32.39,7,7,0,0.0,0.0,8958.32
2025-01-27,Night,14.22,3,3,0,0.0,0.0,4213.5
2025-01-28,Day,34.85,9,9,0,0.0,0.0,9720.88
2025-01-28,Evening,34.85,7,7,0,0.0,0.0,11324.96
2025-01-28,Night,15.3,3,3,0,0.0,0.0,4218.8
2025-01-29,Day,31.98,8,8,0,0.0,0.0,7420.96
2025-01-29,Evening,31.98,7,7,0,0.0,0.0,9479.2
2025-01-29,Night,14.04,3,3,0,0.0,0.0,3578.1
2025-01-30,Day,27.47,7,7,0,0.0,0.0,6979.2
2025-01-30,Evening,27.47,6,6,0,0.0,0.0,7570.88
2025-01-30,Night,12.06,3,3,0,0.0,0.0,5458.3
2025-01-31,Day,28.29,8,8,0,0.0,0.0,6995.92
2025-01-31,Evening,28.29,6,6,0,0.0,0.0,10016.8
2025-01-31,Night,12.42,3,3,0,0.0,0.0,4041.6
2025-02-01,Day,21.32,6,6,0,0.0,0.0,7031.3
2025-02-01,Evening,21.32,5,5,0,0.0,0.0,8119.8
2025-02-01,Night,9.36,2,2,0,0.0,0.0,5400.0
2025-02-02,Day,31.57,8,8,0,0.0,0.0,9604.2
2025-02-02,Evening,31.57,7,7,0,0.0,0.0,13000.1
2025-02-02,Night,13.86,3,3,0,0.0,0.0,5212.56
2025-02-03,Day,29.11,8,8,0,0.0,0.0,8899.92
2025-02-03,Evening,29.11,6,6,0,0.0,0.0,10304.24
2025-02-03,Night,12.78,3,3,0,0.0,0.0,4020.8
2025-02-04,Day,30.75,8,8,0,0.0,0.0,7850.08
2025-02-04,Evening,30.75,7,7,0,0.0,0.0,11224.88
2025-02-04,Night,13.5,3,3,0,0.0,0.0,7244.9
2025-02-05,Day,29.93,8,8,0,0.0,0.0,6408.48
2025-02-05,Evening,29.93,6,6,0,0.0,0.0,7279.12
2025-02-05,Night,13.14,3,3,0,0.0,0.0,4255.2
2025-02-06,Day,32.8,9,9,0,0.0,0.0,10441.68
2025-02-06,Evening,32.8,7,7,0,0.0,0.0,6895.84
2025-02-06,Night,14.4,3,3,0,0.0,0.0,4255.2
2025-02-07,Day,29.52,8,8,0,0.0,0.0,9079.28
2025-02-07,Evening,29.52,6,6,0,0.0,0.0,7095.92
2025-02-07,Night,12.96,3,3,0,0.0,0.0,3828.1
2025-02-08,Day,30.34,8,8,0,0.0,0.0,10875.0
2025-02-08,Evening,30.34,7,7,0,0.0,0.0,10578.1
2025-02-08,Night,13.32,3,3,0,0.0,0.0,7674.96
2025-02-09,Day,29.11,8,8,0,0.0,0.0,12172.0
2025-02-09,Evening,29.11,6,6,0,0.0,0.0,6208.4
2025-02-09,Night,12.78,3,3,0,0.0,0.0,6112.44
2025-02-10,Day,32.8,9,9,0,0.0,0.0,11775.12
2025-02-10,Evening,32.8,7,7,0,0.0,0.0,7970.88
2025-02-10,Night,14.4,3,3,0,0.0,0.0,5593.7
2025-02-11,Day,24.19,7,7,0,0.0,0.0,10158.4
2025-02-11,Evening,24.19,5,5,0,0.0,0.0,4591.76
2025-02-11,Night,10.62,2,2,0,0.0,0.0,3718.7
2025-02-12,Day,21.73,6,6,0,0.0,0.0,7470.8
2025-02-12,Evening,21.73,5,5,0,0.0,0.0,4591.68
2025-02-12,Night,9.54,2,2,0,0.0,0.0,2864.6
2025-02-13,Day,25.01,7,7,0,0.0,0.0,8033.36
2025-02-13,Evening,25.01,6,6,0,0.0,0.0,9112.48
2025-02-13,Night,10.98,2,2,0,0.0,0.0,2942.7
2025-02-14,Day,16.81,5,5,0,0.0,0.0,5166.64
2025-02-14,Evening,16.81,4,4,0,0.0,0.0,3758.4
2025-02-14,Night,7.38,2,2,0,0.0,0.0,4500.0
2025-02-15,Day,24.6,7,7,0,0.0,0.0,8411.5
2025-02-15,Evening,24.6,5,5,0,0.0,0.0,7125.0
2025-02-15,Night,10.8,2,2,0,0.0,0.0,4631.16
2025-02-16,Day,20.09,6,6,0,0.0,0.0,10026.1
2025-02-16,Evening,20.09,5,5,0,0.0,0.0,5270.9
2025-02-16,Night,8.82,2,2,0,0.0,0.0,3575.04
2025-02-17,Day,29.93,8,8,0,0.0,0.0,13983.36
2025-02-17,Evening,29.93,6,6,0,0.0,0.0,4650.0
2025-02-17,Night,13.14,3,3,0,0.0,0.0,4322.9
2025-02-18,Day,25.83,7,7,0,0.0,0.0,11629.28
2025-02-18,Evening,25.83,6,6,0,0.0,0.0,5879.2
2025-02-18,Night,11.34,2,2,0,0.0,0.0,2979.2
2025-02-19,Day,27.47,7,7,0,0.0,0.0,8258.32
2025-02-19,Evening,27.47,6,6,0,0.0,0.0,6587.44
2025-02-19,Night,12.06,3,3,0,0.0,0.0,6109.4
2025-02-20,Day,24.6,7,7,0,0.0,0.0,7987.52
2025-02-20,Evening,24.6,5,5,0,0.0,0.0,5225.04
2025-02-20,Night,10.8,2,2,0,0.0,0.0,3859.3
2025-02-21,Day,25.83,7,7,0,0.0,0.0,9041.68
2025-02-21,Evening,25.83,6,6,0,0.0,0.0,5787.52
2025-02-21,Night,11.34,2,2,0,0.0,0.0,4500.0
2025-02-22,Day,31.16,8,8,0,0.0,0.0,12260.4
2025-02-22,Evening,31.16,7,7,0,0.0,0.0,11421.8
2025-02-22,Night,13.68,3,3,0,0.0,0.0,9118.8
2025-02-23,Day,19.68,5,5,0,0.0,0.0,5067.8
2025-02-23,Evening,19.68,4,4,0,0.0,0.0,5177.1
2025-02-23,Night,8.64,2,2,0,0.0,0.0,5568.72
2025-02-24,Day,34.03,9,9,0,0.0,0.0,10387.6
2025-02-24,Evening,34.03,7,7,0,0.0,0.0,9212.48
2025-02-24,Night,14.94,3,3,0,0.0,0.0,5760.4
2025-02-25,Day,26.24,7,7,0,0.0,0.0,8758.48
2025-02-25,Evening,26.24,6,6,0,0.0,0.0,7416.72
2025-02-25,Night,11.52,2,2,0,0.0,0.0,4567.7
2025-02-26,Day,21.32,6,6,0,0.0,0.0,6287.52
2025-02-26,Evening,21.32,5,5,0,0.0,0.0,6374.96
2025-02-26,Night,9.36,2,2,0,0.0,0.0,4427.1
2025-02-27,Day,23.37,6,6,0,0.0,0.0,6558.4
2025-02-27,Evening,23.37,5,5,0,0.0,0.0,5016.72
2025-02-27,Night,10.26,2,2,0,0.0,0.0,3859.3
2025-02-28,Day,38.95,10,10,0,0.0,0.0,12325.04
2025-02-28,Evening,38.95,8,8,0,0.0,0.0,10208.4
2025-02-28,Night,17.1,3,3,0,0.0,0.0,5026.0
2025-03-01,Day,24.19,7,7,0,0.0,0.0,10557.3
2025-03-01,Evening,24.19,5,5,0,0.0,0.0,9343.8
2025-03-01,Night,10.62,2,2,0,0.0,0.0,6162.6
2025-03-02,Day,24.6,7,7,0,0.0,0.0,9171.9
2025-03-02,Evening,24.6,5,5,0,0.0,0.0,10635.4
2025-03-02,Night,10.8,2,2,0,0.0,0.0,3212.52
2025-03-03,Day,29.52,8,8,0,0.0,0.0,6912.56
2025-03-03,Evening,29.52,6,6,0,0.0,0.0,8258.32
2025-03-03,Night,12.96,3,3,0,0.0,0.0,7526.1
2025-03-04,Day,29.11,8,8,0,0.0,0.0,8254.32
2025-03-04,Evening,29.11,6,6,0,0.0,0.0,7783.36
2025-03-04,Night,12.78,3,3,0,0.0,0.0,7526.1
2025-03-05,Day,31.57,8,8,0,0.0,0.0,8620.88
2025-03-05,Evening,31.57,7,7,0,0.0,0.0,7791.68
2025-03-05,Night,13.86,3,3,0,0.0,0.0,4385.5
2025-03-06,Day,29.11,8,8,0,0.0,0.0,9537.52
2025-03-06,Evening,29.11,6,6,0,0.0,0.0,6625.04
2025-03-06,Night,12.78,3,3,0,0.0,0.0,5333.3
2025-03-07,Day,25.83,7,7,0,0.0,0.0,7549.92
2025-03-07,Evening,25.83,6,6,0,0.0,0.0,10391.68
2025-03-07,Night,11.34,2,2,0,0.0,0.0,3385.5
2025-03-08,Day,23.78,6,6,0,0.0,0.0,7755.2
2025-03-08,Evening,23.78,5,5,0,0.0,0.0,8260.4
2025-03-08,Night,10.44,2,2,0,0.0,0.0,5312.52
2025-03-09,Day,22.14,6,6,0,0.0,0.0,8588.5
2025-03-09,Evening,22.14,5,5,0,0.0,0.0,7052.2
2025-03-09,Night,9.72,2,2,0,0.0,0.0,4887.48
2025-03-10,Day,37.72,10,10,0,0.0,0.0,12825.04
2025-03-10,Evening,37.72,8,8,0,0.0,0.0,9220.88
2025-03-10,Night,16.56,3,3,0,0.0,0.0,5895.8
2025-03-11,Day,31.16,8,8,0,0.0,0.0,10508.48
2025-03-11,Evening,31.16,7,7,0,0.0,0.0,9220.88
2025-03-11,Night,13.68,3,3,0,0.0,0.0,4020.8
2025-03-12,Day,29.11,8,8,0,0.0,0.0,7179.28
2025-03-12,Evening,29.11,6,6,0,0.0,0.0,8025.04
2025-03-12,Night,12.78,3,3,0,0.0,0.0,7244.8
2025-03-13,Day,30.75,8,8,0,0.0,0.0,6541.76
2025-03-13,Evening,30.75,7,7,0,0.0,0.0,10700.0
2025-03-13,Night,13.5,3,3,0,0.0,0.0,7317.7
2025-03-14,Day,31.16,8,8,0,0.0,0.0,8900.0
2025-03-14,Evening,31.16,7,7,0,0.0,0.0,9100.08
2025-03-14,Night,13.68,3,3,0,0.0,0.0,6005.2
2025-03-15,Day,25.01,7,7,0,0.0,0.0,9250.0
2025-03-15,Evening,25.01,6,6,0,0.0,0.0,10041.7
2025-03-15,Night,10.98,2,2,0,0.0,0.0,3825.0
2025-03-16,Day,23.78,6,6,0,0.0,0.0,7192.8
2025-03-16,Evening,23.78,5,5,0,0.0,0.0,9203.0
2025-03-16,Night,10.44,2,2,0,0.0,0.0,3737.52
2025-03-17,Day,30.75,8,8,0,0.0,0.0,7470.88
2025-03-17,Evening,30.75,7,7,0,0.0,0.0,11595.76
2025-03-17,Night,13.5,3,3,0,0.0,0.0,5916.8
2025-03-18,Day,32.8,9,9,0,0.0,0.0,8154.24
2025-03-18,Evening,32.8,7,7,0,0.0,0.0,10645.84
2025-03-18,Night,14.4,3,3,0,0.0,0.0,5916.8
2025-03-19,Day,22.96,6,6,0,0.0,0.0,5945.92
2025-03-19,Evening,22.96,5,5,0,0.0,0.0,6675.04
2025-03-19,Night,10.08,2,2,0,0.0,0.0,4921.9
2025-03-20,Day,27.06,7,7,0,0.0,0.0,7420.88
2025-03-20,Evening,27.06,6,6,0,0.0,0.0,9316.64
2025-03-20,Night,11.88,2,2,0,0.0,0.0,3385.5
2025-03-21,Day,20.09,6,6,0,0.0,0.0,9658.4
2025-03-21,Evening,20.09,5,5,0,0.0,0.0,11733.28
2025-03-21,Night,8.82,2,2,0,0.0,0.0,7200.0
2025-03-22,Day,26.24,7,7,0,0.0,0.0,8229.2
2025-03-22,Evening,26.24,6,6,0,0.0,0.0,9984.4
2025-03-22,Night,11.52,2,2,0,0.0,0.0,4800.0
2025-03-23,Day,22.55,6,6,0,0.0,0.0,8020.8
2025-03-23,Evening,22.55,5,5,0,0.0,0.0,6265.7
2025-03-23,Night,9.9,2,2,0,0.0,0.0,4631.16
2025-03-24,Day,34.03,9,9,0,0.0,0.0,12541.68
2025-03-24,Evening,34.03,7,7,0,0.0,0.0,8329.28
2025-03-24,Night,14.94,3,3,0,0.0,0.0,6036.4
2025-03-25,Day,29.93,8,8,0,0.0,0.0,10512.48
2025-03-25,Evening,29.93,6,6,0,0.0,0.0,5366.72
2025-03-25,Night,13.14,3,3,0,0.0,0.0,6109.4
2025-03-26,Day,21.32,6,6,0,0.0,0.0,9579.28
2025-03-26,Evening,21.32,5,5,0,0.0,0.0,4366.8
2025-03-26,Night,9.36,2,2,0,0.0,0.0,3093.7
2025-03-27,Day,27.88,7,7,0,0.0,0.0,9204.16
2025-03-27,Evening,27.88,6,6,0,0.0,0.0,6491.84
2025-03-27,Night,12.24,3,3,0,0.0,0.0,5203.1
2025-03-28,Day,30.75,8,8,0,0.0,0.0,6800.0
2025-03-28,Evening,30.75,7,7,0,0.0,0.0,9108.4
2025-03-28,Night,13.5,3,3,0,0.0,0.0,6536.4
2025-03-29,Day,22.55,6,6,0,0.0,0.0,5708.3
2025-03-29,Evening,22.55,5,5,0,0.0,0.0,7932.3
2025-03-29,Night,9.9,2,2,0,0.0,0.0,4975.08
2025-03-30,Day,24.19,7,7,0,0.0,0.0,10119.8
2025-03-30,Evening,24.19,5,5,0,0.0,0.0,7932.3
2025-03-30,Night,10.62,2,2,0,0.0,0.0,6162.6
2025-03-31,Day,24.19,7,7,0,0.0,0.0,7137.52
2025-03-31,Evening,24.19,5,5,0,0.0,0.0,6374.96
2025-03-31,Night,10.62,2,2,0,0.0,0.0,4145.9
2025-04-01,Day,33.21,9,9,0,0.0,0.0,9500.08
2025-04-01,Evening,33.21,7,7,0,0.0,0.0,8941.76
2025-04-01,Night,14.58,3,3,0,0.0,0.0,5312.5
2025-04-02,Day,20.09,6,6,0,0.0,0.0,8141.76
2025-04-02,Evening,20.09,5,5,0,0.0,0.0,6154.24
2025-04-02,Night,8.82,2,2,0,0.0,0.0,3385.5
2025-04-03,Day,25.01,7,7,0,0.0,0.0,7870.88
2025-04-03,Evening,25.01,6,6,0,0.0,0.0,8091.76
2025-04-03,Night,10.98,2,2,0,0.0,0.0,4994.8
2025-04-04,Day,22.14,6,6,0,0.0,0.0,6866.64
2025-04-04,Evening,22.14,5,5,0,0.0,0.0,4275.04
2025-04-04,Night,9.72,2,2,0,0.0,0.0,3786.4
2025-04-05,Day,20.91,6,6,0,0.0,0.0,6932.3
2025-04-05,Evening,20.91,5,5,0,0.0,0.0,6380.2
2025-04-05,Night,9.18,2,2,0,0.0,0.0,4631.16
2025-04-06,Day,21.32,6,6,0,0.0,0.0,9229.1
2025-04-06,Evening,21.32,5,5,0,0.0,0.0,5901.1
2025-04-06,Night,9.36,2,2,0,0.0,0.0,4631.16
2025-04-07,Day,31.98,8,8,0,0.0,0.0,10208.4
2025-04-07,Evening,31.98,7,7,0,0.0,0.0,6791.68
2025-04-07,Night,14.04,3,3,0,0.0,0.0,6036.4
2025-04-08,Day,29.52,8,8,0,0.0,0.0,10987.52
2025-04-08,Evening,29.52,6,6,0,0.0,0.0,4966.72
2025-04-08,Night,12.96,3,3,0,0.0,0.0,4171.9
2025-04-09,Day,20.91,6,6,0,0.0,0.0,10412.56
2025-04-09,Evening,20.91,5,5,0,0.0,0.0,5525.12
2025-04-09,Night,9.18,2,2,0,0.0,0.0,2979.2
2025-04-10,Day,23.78,6,6,0,0.0,0.0,9525.12
2025-04-10,Evening,23.78,5,5,0,0.0,0.0,6216.64
2025-04-10,Night,10.44,2,2,0,0.0,0.0,2942.7
2025-04-11,Day,21.73,6,6,0,0.0,0.0,7841.76
2025-04-11,Evening,21.73,5,5,0,0.0,0.0,3987.52
2025-04-11,Night,9.54,2,2,0,0.0,0.0,3052.1
2025-04-12,Day,28.29,8,8,0,0.0,0.0,11401.0
2025-04-12,Evening,28.29,6,6,0,0.0,0.0,8500.0
2025-04-12,Night,12.42,3,3,0,0.0,0.0,7843.8
2025-04-13,Day,25.83,7,7,0,0.0,0.0,11130.2
2025-04-13,Evening,25.83,6,6,0,0.0,0.0,7526.1
2025-04-13,Night,11.34,2,2,0,0.0,0.0,5400.0
2025-04-14,Day,31.98,8,8,0,0.0,0.0,10183.2
2025-04-14,Evening,31.98,7,7,0,0.0,0.0,6587.6
2025-04-14,Night,14.04,3,3,0,0.0,0.0,6323.0
2025-04-15,Day,25.01,7,7,0,0.0,0.0,8170.8
2025-04-15,Evening,25.01,6,6,0,0.0,0.0,5058.4
2025-04-15,Night,10.98,2,2,0,0.0,0.0,3015.6
2025-04-16,Day,31.57,8,8,0,0.0,0.0,9950.08
2025-04-16,Evening,31.57,7,7,0,0.0,0.0,9108.4
2025-04-16,Night,13.86,3,3,0,0.0,0.0,6395.8
2025-04-17,Day,29.93,8,8,0,0.0,0.0,11554.16
2025-04-17,Evening,29.93,6,6,0,0.0,0.0,5766.8
2025-04-17,Night,13.14,3,3,0,0.0,0.0,6395.8
2025-04-18,Day,16.4,5,5,0,0.0,0.0,12941.76
2025-04-18,Evening,16.4,4,4,0,0.0,0.0,6966.72
2025-04-18,Night,7.2,2,2,0,0.0,0.0,5493.78
2025-04-19,Day,18.45,5,5,0,0.0,0.0,7422.0
2025-04-19,Evening,18.45,4,4,0,0.0,0.0,4374.9
2025-04-19,Night,8.1,2,2,0,0.0,0.0,3843.72
2025-04-20,Day,27.47,7,7,0,0.0,0.0,13984.4
2025-04-20,Evening,27.47,6,6,0,0.0,0.0,5713.6
2025-04-20,Night,12.06,3,3,0,0.0,0.0,5274.96
2025-04-21,Day,28.7,8,8,0,0.0,0.0,22908.32
2025-04-21,Evening,28.7,6,6,0,0.0,0.0,10333.44
2025-04-21,Night,12.6,3,3,0,0.0,0.0,8053.02
2025-04-22,Day,31.57,8,8,0,0.0,0.0,8983.36
2025-04-22,Evening,31.57,7,7,0,0.0,0.0,6395.92
2025-04-22,Night,13.86,3,3,0,0.0,0.0,5057.2
2025-04-23,Day,27.88,7,7,0,0.0,0.0,11212.56
2025-04-23,Evening,27.88,6,6,0,0.0,0.0,6216.8
2025-04-23,Night,12.24,3,3,0,0.0,0.0,4359.4
2025-04-24,Day,18.45,5,5,0,0.0,0.0,9170.8
2025-04-24,Evening,18.45,4,4,0,0.0,0.0,5400.08
2025-04-24,Night,8.1,2,2,0,0.0,0.0,2708.3
2025-04-25,Day,28.7,8,8,0,0.0,0.0,8912.56
2025-04-25,Evening,28.7,6,6,0,0.0,0.0,6875.04
2025-04-25,Night,12.6,3,3,0,0.0,0.0,5682.2
2025-04-26,Day,30.75,8,8,0,0.0,0.0,10838.7
2025-04-26,Evening,30.75,7,7,0,0.0,0.0,10312.5
2025-04-26,Night,13.5,3,3,0,0.0,0.0,7931.16
2025-04-27,Day,28.29,8,8,0,0.0,0.0,20231.46
2025-04-27,Evening,28.29,6,6,0,0.0,0.0,17653.14
2025-04-27,Night,12.42,3,3,0,0.0,0.0,14072.8
2025-04-28,Day,22.96,6,6,0,0.0,0.0,11466.56
2025-04-28,Evening,22.96,5,5,0,0.0,0.0,9733.44
2025-04-28,Night,10.08,2,2,0,0.0,0.0,7715.7
2025-04-29,Day,35.67,9,9,0,0.0,0.0,8354.24
2025-04-29,Evening,35.67,8,8,0,0.0,0.0,9541.6
2025-04-29,Night,15.66,3,3,0,0.0,0.0,5968.8
2025-04-30,Day,33.21,9,9,0,0.0,0.0,9775.12
2025-04-30,Evening,33.21,7,7,0,0.0,0.0,9808.4
2025-04-30,Night,14.58,3,3,0,0.0,0.0,6020.9
2025-05-01,Day,28.29,8,8,0,0.0,0.0,20974.88
2025-05-01,Evening,28.29,6,6,0,0.0,0.0,14475.2
2025-05-01,Night,12.42,3,3,0,0.0,0.0,10837.62
2025-05-02,Day,27.06,7,7,0,0.0,0.0,6925.04
2025-05-02,Evening,27.06,6,6,0,0.0,0.0,9199.92
2025-05-02,Night,11.88,2,2,0,0.0,0.0,4854.1
2025-05-03,Day,31.16,8,8,0,0.0,0.0,8994.8
2025-05-03,Evening,31.16,7,7,0,0.0,0.0,13270.9
2025-05-03,Night,13.68,3,3,0,0.0,0.0,8693.76
2025-05-04,Day,26.65,7,7,0,0.0,0.0,7812.6
2025-05-04,Evening,26.65,6,6,0,0.0,0.0,11994.8
2025-05-04,Night,11.7,2,2,0,0.0,0.0,5743.68
2025-05-05,Day,37.31,10,10,0,0.0,0.0,9674.96
2025-05-05,Evening,37.31,8,8,0,0.0,0.0,9425.12
2025-05-05,Night,16.38,3,3,0,0.0,0.0,5822.9
2025-05-06,Day,30.75,8,8,0,0.0,0.0,7266.64
2025-05-06,Evening,30.75,7,7,0,0.0,0.0,9662.56
2025-05-06,Night,13.5,3,3,0,0.0,0.0,4057.3
2025-05-07,Day,32.39,9,9,0,0.0,0.0,8520.96
2025-05-07,Evening,32.39,7,7,0,0.0,0.0,11875.04
2025-05-07,Night,14.22,3,3,0,0.0,0.0,3984.4
2025-05-08,Day,35.26,9,9,0,0.0,0.0,8983.44
2025-05-08,Evening,35.26,8,8,0,0.0,0.0,13258.4
2025-05-08,Night,15.48,3,3,0,0.0,0.0,4135.4
2025-05-09,Day,33.21,9,9,0,0.0,0.0,10391.6
2025-05-09,Evening,33.21,7,7,0,0.0,0.0,9158.32
2025-05-09,Night,14.58,3,3,0,0.0,0.0,4322.9
2025-05-10,Day,29.93,8,8,0,0.0,0.0,13692.7
2025-05-10,Evening,29.93,6,6,0,0.0,0.0,10088.6
2025-05-10,Night,13.14,3,3,0,0.0,0.0,5356.2
2025-05-11,Day,31.16,8,8,0,0.0,0.0,14041.7
2025-05-11,Evening,31.16,7,7,0,0.0,0.0,11213.5
2025-05-11,Night,13.68,3,3,0,0.0,0.0,8518.8
2025-05-12,Day,27.06,7,7,0,0.0,0.0,7483.44
2025-05-12,Evening,27.06,6,6,0,0.0,0.0,5004.24
2025-05-12,Night,11.88,2,2,0,0.0,0.0,3093.7
2025-05-13,Day,36.9,10,10,0,0.0,0.0,11433.44
2025-05-13,Evening,36.9,8,8,0,0.0,0.0,7920.88
2025-05-13,Night,16.2,3,3,0,0.0,0.0,5270.8
2025-05-14,Day,29.52,8,8,0,0.0,0.0,10329.2
2025-05-14,Evening,29.52,6,6,0,0.0,0.0,7066.8
2025-05-14,Night,12.96,3,3,0,0.0,0.0,4359.4
2025-05-15,Day,32.8,9,9,0,0.0,0.0,11887.44
2025-05-15,Evening,32.8,7,7,0,0.0,0.0,9037.6
2025-05-15,Night,14.4,3,3,0,0.0,0.0,4093.8
2025-05-16,Day,33.21,9,9,0,0.0,0.0,10829.12
2025-05-16,Evening,33.21,7,7,0,0.0,0.0,7633.28
2025-05-16,Night,14.58,3,3,0,0.0,0.0,5161.5
2025-05-17,Day,27.47,7,7,0,0.0,0.0,10239.6
2025-05-17,Evening,27.47,6,6,0,0.0,0.0,13635.4
2025-05-17,Night,12.06,3,3,0,0.0,0.0,4781.28
2025-05-18,Day,30.75,8,8,0,0.0,0.0,11005.2
2025-05-18,Evening,30.75,7,7,0,0.0,0.0,15604.1
2025-05-18,Night,13.5,3,3,0,0.0,0.0,5062.56
2025-05-19,Day,31.57,8,8,0,0.0,0.0,7829.28
2025-05-19,Evening,31.57,7,7,0,0.0,0.0,7545.92
2025-05-19,Night,13.86,3,3,0,0.0,0.0,3437.5
2025-05-20,Day,34.44,9,9,0,0.0,0.0,11783.44
2025-05-20,Evening,34.44,7,7,0,0.0,0.0,6912.56
2025-05-20,Night,15.12,3,3,0,0.0,0.0,3437.5
2025-05-21,Day,32.8,9,9,0,0.0,0.0,12650.08
2025-05-21,Evening,32.8,7,7,0,0.0,0.0,6066.72
2025-05-21,Night,14.4,3,3,0,0.0,0.0,4500.0
2025-05-22,Day,29.11,8,8,0,0.0,0.0,13166.56
2025-05-22,Evening,29.11,6,6,0,0.0,0.0,4870.88
2025-05-22,Night,12.78,3,3,0,0.0,0.0,3833.4
2025-05-23,Day,33.21,9,9,0,0.0,0.0,11820.8
2025-05-23,Evening,33.21,7,7,0,0.0,0.0,5887.52
2025-05-23,Night,14.58,3,3,0,0.0,0.0,4947.9
2025-05-24,Day,27.88,7,7,0,0.0,0.0,10307.3
2025-05-24,Evening,27.88,6,6,0,0.0,0.0,12083.3
2025-05-24,Night,12.24,3,3,0,0.0,0.0,4956.24
2025-05-25,Day,25.42,7,7,0,0.0,0.0,11036.4
2025-05-25,Evening,25.42,6,6,0,0.0,0.0,13781.3
2025-05-25,Night,11.16,2,2,0,0.0,0.0,3212.52
2025-05-26,Day,33.62,9,9,0,0.0,0.0,9645.92
2025-05-26,Evening,33.62,7,7,0,0.0,0.0,8483.36
2025-05-26,Night,14.76,3,3,0,0.0,0.0,3760.5
2025-05-27,Day,34.03,9,9,0,0.0,0.0,10350.08
2025-05-27,Evening,34.03,7,7,0,0.0,0.0,8595.92
2025-05-27,Night,14.94,3,3,0,0.0,0.0,3682.3
2025-05-28,Day,27.47,7,7,0,0.0,0.0,7875.12
2025-05-28,Evening,27.47,6,6,0,0.0,0.0,8745.76
2025-05-28,Night,12.06,3,3,0,0.0,0.0,3489.6
2025-05-29,Day,21.73,6,6,0,0.0,0.0,6487.6
2025-05-29,Evening,21.73,5,5,0,0.0,0.0,6691.6
2025-05-29,Night,9.54,2,2,0,0.0,0.0,4713.5
2025-05-30,Day,25.83,7,7,0,0.0,0.0,5795.84
2025-05-30,Evening,25.83,6,6,0,0.0,0.0,6716.72
2025-05-30,Night,11.34,2,2,0,0.0,0.0,3859.3
2025-05-31,Day,28.29,8,8,0,0.0,0.0,11901.1
2025-05-31,Evening,28.29,6,6,0,0.0,0.0,9479.2
2025-05-31,Night,12.42,3,3,0,0.0,0.0,7418.64
2025-06-01,Day,29.11,8,8,0,0.0,0.0,16552.2
2025-06-01,Evening,29.11,6,6,0,0.0,0.0,8854.2
2025-06-01,Night,12.78,3,3,0,0.0,0.0,7418.64
2025-06-02,Day,39.36,10,10,0,0.0,0.0,9316.72
2025-06-02,Evening,39.36,8,8,0,0.0,0.0,12837.6
2025-06-02,Night,17.28,3,3,0,0.0,0.0,4630.2
2025-06-03,Day,34.03,9,9,0,0.0,0.0,7312.64
2025-06-03,Evening,34.03,7,7,0,0.0,0.0,10700.0
2025-06-03,Night,14.94,3,3,0,0.0,0.0,5968.8
2025-06-04,Day,27.06,7,7,0,0.0,0.0,7450.08
2025-06-04,Evening,27.06,6,6,0,0.0,0.0,8020.8
2025-06-04,Night,11.88,2,2,0,0.0,0.0,3364.6
2025-06-05,Day,32.39,9,9,0,0.0,0.0,10979.2
2025-06-05,Evening,32.39,7,7,0,0.0,0.0,8162.56
2025-06-05,Night,14.22,3,3,0,0.0,0.0,4093.7
2025-06-06,Day,31.16,8,8,0,0.0,0.0,7695.92
2025-06-06,Evening,31.16,7,7,0,0.0,0.0,9204.16
2025-06-06,Night,13.68,3,3,0,0.0,0.0,4093.7
2025-06-07,Day,31.98,8,8,0,0.0,0.0,13708.3
2025-06-07,Evening,31.98,7,7,0,0.0,0.0,9213.6
2025-06-07,Night,14.04,3,3,0,0.0,0.0,5443.8
2025-06-08,Day,26.24,7,7,0,0.0,0.0,10885.5
2025-06-08,Evening,26.24,6,6,0,0.0,0.0,13567.6
2025-06-08,Night,11.52,2,2,0,0.0,0.0,4125.0
2025-06-09,Day,33.62,9,9,0,0.0,0.0,9175.12
2025-06-09,Evening,33.62,7,7,0,0.0,0.0,9729.2
2025-06-09,Night,14.76,3,3,0,0.0,0.0,4479.2
2025-06-10,Day,25.42,7,7,0,0.0,0.0,8129.2
2025-06-10,Evening,25.42,6,6,0,0.0,0.0,8729.2
2025-06-10,Night,11.16,2,2,0,0.0,0.0,3437.5
2025-06-11,Day,24.6,7,7,0,0.0,0.0,7312.56
2025-06-11,Evening,24.6,5,5,0,0.0,0.0,8150.0
2025-06-11,Night,10.8,2,2,0,0.0,0.0,3364.6
2025-06-12,Day,26.65,7,7,0,0.0,0.0,5550.08
2025-06-12,Evening,26.65,6,6,0,0.0,0.0,7120.8
2025-06-12,Night,11.7,2,2,0,0.0,0.0,4572.9
2025-06-13,Day,30.75,8,8,0,0.0,0.0,7295.84
2025-06-13,Evening,30.75,7,7,0,0.0,0.0,8637.44
2025-06-13,Night,13.5,3,3,0,0.0,0.0,6536.5
2025-06-14,Day,24.19,7,7,0,0.0,0.0,8010.5
2025-06-14,Evening,24.19,5,5,0,0.0,0.0,6932.3
2025-06-14,Night,10.62,2,2,0,0.0,0.0,4800.0
2025-06-15,Day,25.42,7,7,0,0.0,0.0,13593.7
2025-06-15,Evening,25.42,6,6,0,0.0,0.0,7916.7
2025-06-15,Night,11.16,2,2,0,0.0,0.0,4631.16
2025-06-16,Day,26.24,7,7,0,0.0,0.0,19733.6
2025-06-16,Evening,26.24,6,6,0,0.0,0.0,9558.4
2025-06-16,Night,11.52,2,2,0,0.0,0.0,5943.78
2025-06-17,Day,31.98,8,8,0,0.0,0.0,11141.76
2025-06-17,Evening,31.98,7,7,0,0.0,0.0,7150.0
2025-06-17,Night,14.04,3,3,0,0.0,0.0,6468.8
2025-06-18,Day,34.44,9,9,0,0.0,0.0,10954.24
2025-06-18,Evening,34.44,7,7,0,0.0,0.0,7562.56
2025-06-18,Night,15.12,3,3,0,0.0,0.0,6468.8
2025-06-19,Day,29.11,8,8,0,0.0,0.0,7429.2
2025-06-19,Evening,29.11,6,6,0,0.0,0.0,10091.68
2025-06-19,Night,12.78,3,3,0,0.0,0.0,4041.6
2025-06-20,Day,28.29,8,8,0,0.0,0.0,9104.16
2025-06-20,Evening,28.29,6,6,0,0.0,0.0,7150.0
2025-06-20,Night,12.42,3,3,0,0.0,0.0,4927.2
2025-06-21,Day,25.83,7,7,0,0.0,0.0,9093.8
2025-06-21,Evening,25.83,6,6,0,0.0,0.0,8307.3
2025-06-21,Night,11.34,2,2,0,0.0,0.0,5143.8
2025-06-22,Day,28.29,8,8,0,0.0,0.0,13349.0
2025-06-22,Evening,28.29,6,6,0,0.0,0.0,8812.4
2025-06-22,Night,12.42,3,3,0,0.0,0.0,5243.76
2025-06-23,Day,30.75,8,8,0,0.0,0.0,9237.6
2025-06-23,Evening,30.75,7,7,0,0.0,0.0,8958.4
2025-06-23,Night,13.5,3,3,0,0.0,0.0,4369.8
2025-06-24,Day,26.65,7,7,0,0.0,0.0,6858.4
2025-06-24,Evening,26.65,6,6,0,0.0,0.0,10345.84
2025-06-24,Night,11.7,2,2,0,0.0,0.0,5135.5
2025-06-25,Day,24.6,7,7,0,0.0,0.0,5654.24
2025-06-25,Evening,24.6,5,5,0,0.0,0.0,7620.88
2025-06-25,Night,10.8,2,2,0,0.0,0.0,4786.4
2025-06-26,Day,25.42,7,7,0,0.0,0.0,8458.4
2025-06-26,Evening,25.42,6,6,0,0.0,0.0,6379.12
2025-06-26,Night,11.16,2,2,0,0.0,0.0,4286.4
2025-06-27,Day,28.29,8,8,0,0.0,0.0,7650.08
2025-06-27,Evening,28.29,6,6,0,0.0,0.0,7637.52
2025-06-27,Night,12.42,3,3,0,0.0,0.0,6604.1
2025-06-28,Day,16.4,5,5,0,0.0,0.0,6020.9
2025-06-28,Evening,16.4,4,4,0,0.0,0.0,5151.1
2025-06-28,Night,7.2,2,2,0,0.0,0.0,4800.0
2025-06-29,Day,22.55,6,6,0,0.0,0.0,9713.5
2025-06-29,Evening,22.55,5,5,0,0.0,0.0,5890.7
2025-06-29,Night,9.9,2,2,0,0.0,0.0,4631.16
2025-06-30,Day,34.85,9,9,0,0.0,0.0,11950.08
2025-06-30,Evening,34.85,7,7,0,0.0,0.0,8104.24
2025-06-30,Night,15.3,3,3,0,0.0,0.0,4578.1
2025-07-01,Day,34.44,9,9,0,0.0,0.0,12687.6
2025-07-01,Evening,34.44,7,7,0,0.0,0.0,9950.08
2025-07-01,Night,15.12,3,3,0,0.0,0.0,4286.5
2025-07-02,Day,32.8,9,9,0,0.0,0.0,12016.72
2025-07-02,Evening,32.8,7,7,0,0.0,0.0,8900.08
2025-07-02,Night,14.4,3,3,0,0.0,0.0,3906.3
2025-07-03,Day,33.62,9,9,0,0.0,0.0,12562.48
2025-07-03,Evening,33.62,7,7,0,0.0,0.0,7916.72
2025-07-03,Night,14.76,3,3,0,0.0,0.0,3906.3
2025-07-04,Day,26.65,7,7,0,0.0,0.0,7945.76
2025-07-04,Evening,26.65,6,6,0,0.0,0.0,8454.16
2025-07-04,Night,11.7,2,2,0,0.0,0.0,3125.0
2025-07-05,Day,27.06,7,7,0,0.0,0.0,11786.5
2025-07-05,Evening,27.06,6,6,0,0.0,0.0,6942.8
2025-07-05,Night,11.88,2,2,0,0.0,0.0,3662.52
2025-07-06,Day,28.29,8,8,0,0.0,0.0,12500.0
2025-07-06,Evening,28.29,6,6,0,0.0,0.0,8359.5
2025-07-06,Night,12.42,3,3,0,0.0,0.0,8525.04
2025-07-07,Day,33.21,9,9,0,0.0,0.0,11120.8
2025-07-07,Evening,33.21,7,7,0,0.0,0.0,7891.76
2025-07-07,Night,14.58,3,3,0,0.0,0.0,7104.2
2025-07-08,Day,22.55,6,6,0,0.0,0.0,8595.76
2025-07-08,Evening,22.55,5,5,0,0.0,0.0,5570.96
2025-07-08,Night,9.9,2,2,0,0.0,0.0,3130.2
2025-07-09,Day,31.16,8,8,0,0.0,0.0,9312.48
2025-07-09,Evening,31.16,7,7,0,0.0,0.0,10075.04
2025-07-09,Night,13.68,3,3,0,0.0,0.0,4208.4
2025-07-10,Day,27.47,7,7,0,0.0,0.0,7379.2
2025-07-10,Evening,27.47,6,6,0,0.0,0.0,7570.8
2025-07-10,Night,12.06,3,3,0,0.0,0.0,5828.1
2025-07-11,Day,25.01,7,7,0,0.0,0.0,7112.56
2025-07-11,Evening,25.01,6,6,0,0.0,0.0,8237.44
2025-07-11,Night,10.98,2,2,0,0.0,0.0,4572.9
2025-07-12,Day,28.29,8,8,0,0.0,0.0,8177.2
2025-07-12,Evening,28.29,6,6,0,0.0,0.0,9088.5
2025-07-12,Night,12.42,3,3,0,0.0,0.0,7587.6
2025-07-13,Day,23.78,6,6,0,0.0,0.0,5974.0
2025-07-13,Evening,23.78,5,5,0,0.0,0.0,6385.5
2025-07-13,Night,10.44,2,2,0,0.0,0.0,4718.76
2025-07-14,Day,37.72,10,10,0,0.0,0.0,15120.8
2025-07-14,Evening,37.72,8,8,0,0.0,0.0,7683.52
2025-07-14,Night,16.56,3,3,0,0.0,0.0,5281.3
2025-07-15,Day,33.21,9,9,0,0.0,0.0,13795.76
2025-07-15,Evening,33.21,7,7,0,0.0,0.0,7212.64
2025-07-15,Night,14.58,3,3,0,0.0,0.0,5026.1
2025-07-16,Day,27.88,7,7,0,0.0,0.0,10258.32
2025-07-16,Evening,27.88,6,6,0,0.0,0.0,8179.28
2025-07-16,Night,12.24,3,3,0,0.0,0.0,4166.7
2025-07-17,Day,28.7,8,8,0,0.0,0.0,8908.32
2025-07-17,Evening,28.7,6,6,0,0.0,0.0,10475.04
2025-07-17,Night,12.6,3,3,0,0.0,0.0,4099.0
2025-07-18,Day,29.52,8,8,0,0.0,0.0,10699.92
2025-07-18,Evening,29.52,6,6,0,0.0,0.0,6816.72
2025-07-18,Night,12.96,3,3,0,0.0,0.0,4171.9
2025-07-19,Day,33.21,9,9,0,0.0,0.0,13177.1
2025-07-19,Evening,33.21,7,7,0,0.0,0.0,7953.2
2025-07-19,Night,14.58,3,3,0,0.0,0.0,5006.28
2025-07-20,Day,31.57,8,8,0,0.0,0.0,10880.2
2025-07-20,Evening,31.57,7,7,0,0.0,0.0,9421.9
2025-07-20,Night,13.86,3,3,0,0.0,0.0,8612.4
2025-07-21,Day,37.72,10,10,0,0.0,0.0,12320.96
2025-07-21,Evening,37.72,8,8,0,0.0,0.0,9166.72
2025-07-21,Night,16.56,3,3,0,0.0,0.0,7177.0
2025-07-22,Day,28.29,8,8,0,0.0,0.0,11912.64
2025-07-22,Evening,28.29,6,6,0,0.0,0.0,5154.24
2025-07-22,Night,12.42,3,3,0,0.0,0.0,5380.2
2025-07-23,Day,27.88,7,7,0,0.0,0.0,10791.68
2025-07-23,Evening,27.88,6,6,0,0.0,0.0,6650.16
2025-07-23,Night,12.24,3,3,0,0.0,0.0,5968.7
2025-07-24,Day,32.39,9,9,0,0.0,0.0,12741.68
2025-07-24,Evening,32.39,7,7,0,0.0,0.0,9525.12
2025-07-24,Night,14.22,3,2,1,8.0,3188.12,7047.52
2025-07-25,Day,31.57,8,8,0,0.0,0.0,7470.8
2025-07-25,Evening,31.57,7,7,0,0.0,0.0,8387.52
2025-07-25,Night,13.86,3,3,0,0.0,0.0,4911.4
2025-07-26,Day,28.29,8,8,0,0.0,0.0,9984.4
2025-07-26,Evening,28.29,6,6,0,0.0,0.0,6672.0
2025-07-26,Night,12.42,3,3,0,0.0,0.0,5712.48
2025-07-27,Day,31.16,8,8,0,0.0,0.0,12244.7
2025-07-27,Evening,31.16,7,7,0,0.0,0.0,10822.9
2025-07-27,Night,13.68,3,3,0,0.0,0.0,4912.56
2025-07-28,Day,35.67,9,9,0,0.0,0.0,11262.48
2025-07-28,Evening,35.67,8,8,0,0.0,0.0,11704.24
2025-07-28,Night,15.66,3,3,0,0.0,0.0,4093.8
2025-07-29,Day,29.52,8,8,0,0.0,0.0,10858.4
2025-07-29,Evening,29.52,6,6,0,0.0,0.0,7025.04
2025-07-29,Night,12.96,3,3,0,0.0,0.0,4198.0
2025-07-30,Day,29.11,8,8,0,0.0,0.0,9287.6
2025-07-30,Evening,29.11,6,6,0,0.0,0.0,10433.36
2025-07-30,Night,12.78,3,3,0,0.0,0.0,4208.3
2025-07-31,Day,29.11,8,8,0,0.0,0.0,8987.6
2025-07-31,Evening,29.11,6,6,0,0.0,0.0,10525.04
2025-07-31,Night,12.78,3,3,0,0.0,0.0,4536.5
2025-08-01,Day,28.29,8,8,0,0.0,0.0,8716.64
2025-08-01,Evening,28.29,6,6,0,0.0,0.0,6550.08
2025-08-01,Night,12.42,3,3,0,0.0,0.0,4395.8
2025-08-02,Day,22.96,6,6,0,0.0,0.0,7661.5
2025-08-02,Evening,22.96,5,5,0,0.0,0.0,5083.4
2025-08-02,Night,10.08,2,2,0,0.0,0.0,3799.92
2025-08-03,Day,29.11,8,8,0,0.0,0.0,12796.9
2025-08-03,Evening,29.11,6,6,0,0.0,0.0,8291.6
2025-08-03,Night,12.78,3,3,0,0.0,0.0,4912.56
2025-08-04,Day,34.44,9,9,0,0.0,0.0,11208.4
2025-08-04,Evening,34.44,7,7,0,0.0,0.0,7708.32
2025-08-04,Night,15.12,3,3,0,0.0,0.0,4093.8
2025-08-05,Day,34.85,9,9,0,0.0,0.0,11812.56
2025-08-05,Evening,34.85,7,7,0,0.0,0.0,6900.0
2025-08-05,Night,15.3,3,3,0,0.0,0.0,5895.8
2025-08-06,Day,30.34,8,8,0,0.0,0.0,12275.12
2025-08-06,Evening,30.34,7,7,0,0.0,0.0,7816.72
2025-08-06,Night,13.32,3,3,0,0.0,0.0,5895.8
2025-08-07,Day,31.98,8,8,0,0.0,0.0,11962.56
2025-08-07,Evening,31.98,7,6,1,8.0,3188.12,10092.36
2025-08-07,Night,14.04,3,2,1,8.0,3188.12,8042.22
2025-08-08,Day,26.24,7,7,0,0.0,0.0,10941.68
2025-08-08,Evening,26.24,6,6,0,0.0,0.0,5112.56
2025-08-08,Night,11.52,2,2,0,0.0,0.0,3130.2
2025-08-09,Day,24.19,7,7,0,0.0,0.0,19293.84
2025-08-09,Evening,24.19,5,5,0,0.0,0.0,9693.9
2025-08-09,Night,10.62,2,2,0,0.0,0.0,7572.8
2025-08-10,Day,22.96,6,6,0,0.0,0.0,9916.7
2025-08-10,Evening,22.96,5,5,0,0.0,0.0,4817.7
2025-08-10,Night,10.08,2,2,0,0.0,0.0,3575.04
2025-08-11,Day,28.29,8,8,0,0.0,0.0,11341.68
2025-08-11,Evening,28.29,6,6,0,0.0,0.0,6062.56
2025-08-11,Night,12.42,3,3,0,0.0,0.0,4208.4
2025-08-12,Day,28.29,8,8,0,0.0,0.0,9095.92
2025-08-12,Evening,28.29,6,6,0,0.0,0.0,9025.04
2025-08-12,Night,12.42,3,3,0,0.0,0.0,3984.4
2025-08-13,Day,33.62,9,9,0,0.0,0.0,9966.72
2025-08-13,Evening,33.62,7,7,0,0.0,0.0,11804.16
2025-08-13,Night,14.76,3,3,0,0.0,0.0,5703.2
2025-08-14,Day,34.85,9,9,0,0.0,0.0,9937.52
2025-08-14,Evening,34.85,7,7,0,0.0,0.0,10508.4
2025-08-14,Night,15.3,3,3,0,0.0,0.0,6151.1
2025-08-15,Day,25.01,7,7,0,0.0,0.0,7575.04
2025-08-15,Evening,25.01,6,6,0,0.0,0.0,9354.16
2025-08-15,Night,10.98,2,2,0,0.0,0.0,3609.4
2025-08-16,Day,27.47,7,7,0,0.0,0.0,7890.6
2025-08-16,Evening,27.47,6,6,0,0.0,0.0,10739.5
2025-08-16,Night,12.06,3,3,0,0.0,0.0,5631.36
2025-08-17,Day,25.83,7,7,0,0.0,0.0,7619.9
2025-08-17,Evening,25.83,6,6,0,0.0,0.0,10317.7
2025-08-17,Night,11.34,2,2,0,0.0,0.0,3606.24
2025-08-18,Day,29.52,8,8,0,0.0,0.0,6737.52
2025-08-18,Evening,29.52,6,6,0,0.0,0.0,9854.16
2025-08-18,Night,12.96,3,3,0,0.0,0.0,4724.0
2025-08-19,Day,31.57,8,8,0,0.0,0.0,6625.04
2025-08-19,Evening,31.57,7,7,0,0.0,0.0,10700.0
2025-08-19,Night,13.86,3,3,0,0.0,0.0,4724.0
2025-08-20,Day,37.31,10,10,0,0.0,0.0,11250.08
2025-08-20,Evening,37.31,8,8,0,0.0,0.0,12741.68
2025-08-20,Night,16.38,3,3,0,0.0,0.0,4161.4
2025-08-21,Day,32.39,9,9,0,0.0,0.0,9175.12
2025-08-21,Evening,32.39,7,7,0,0.0,0.0,11295.92
2025-08-21,Night,14.22,3,3,0,0.0,0.0,4015.6
2025-08-22,Day,28.7,8,8,0,0.0,0.0,8583.36
2025-08-22,Evening,28.7,6,6,0,0.0,0.0,9620.88
2025-08-22,Night,12.6,3,3,0,0.0,0.0,4020.8
2025-08-23,Day,25.83,7,7,0,0.0,0.0,10744.8
2025-08-23,Evening,25.83,6,6,0,0.0,0.0,9458.3
2025-08-23,Night,11.34,2,2,0,0.0,0.0,3437.52
2025-08-24,Day,26.65,7,7,0,0.0,0.0,10010.5
2025-08-24,Evening,26.65,6,6,0,0.0,0.0,10328.1
2025-08-24,Night,11.7,2,2,0,0.0,0.0,3249.96
2025-08-25,Day,31.98,8,8,0,0.0,0.0,7362.56
2025-08-25,Evening,31.98,7,7,0,0.0,0.0,10329.2
2025-08-25,Night,14.04,3,3,0,0.0,0.0,3927.0
2025-08-26,Day,36.9,10,10,0,0.0,0.0,11062.56
2025-08-26,Evening,36.9,8,8,0,0.0,0.0,9575.12
2025-08-26,Night,16.2,3,3,0,0.0,0.0,3859.3
2025-08-27,Day,29.93,8,8,0,0.0,0.0,9833.36
2025-08-27,Evening,29.93,6,6,0,0.0,0.0,10025.04
2025-08-27,Night,13.14,3,3,0,0.0,0.0,4145.9
2025-08-28,Day,29.52,8,8,0,0.0,0.0,8075.04
2025-08-28,Evening,29.52,6,6,0,0.0,0.0,7979.2
2025-08-28,Night,12.96,3,3,0,0.0,0.0,7385.4
2025-08-29,Day,28.29,8,8,0,0.0,0.0,8683.36
2025-08-29,Evening,28.29,6,6,0,0.0,0.0,8033.36
2025-08-29,Night,12.42,3,3,0,0.0,0.0,7244.8
2025-08-30,Day,19.68,5,5,0,0.0,0.0,4927.2
2025-08-30,Evening,19.68,4,4,0,0.0,0.0,6552.0
2025-08-30,Night,8.64,2,2,0,0.0,0.0,5481.24
2025-08-31,Day,27.06,7,7,0,0.0,0.0,6979.3
2025-08-31,Evening,27.06,6,6,0,0.0,0.0,11499.9
2025-08-31,Night,11.88,2,2,0,0.0,0.0,5481.24
2025-09-01,Day,35.67,9,9,0,0.0,0.0,7266.72
2025-09-01,Evening,35.67,8,8,0,0.0,0.0,10695.76
2025-09-01,Night,15.66,3,3,0,0.0,0.0,7171.9
2025-09-02,Day,29.93,8,8,0,0.0,0.0,6300.08
2025-09-02,Evening,29.93,6,6,0,0.0,0.0,6654.16
2025-09-02,Night,13.14,3,3,0,0.0,0.0,6395.9
2025-09-03,Day,27.88,7,7,0,0.0,0.0,9262.64
2025-09-03,Evening,27.88,6,6,0,0.0,0.0,8737.44
2025-09-03,Night,12.24,3,3,0,0.0,0.0,6395.9
2025-09-04,Day,32.8,9,9,0,0.0,0.0,10583.36
2025-09-04,Evening,32.8,7,7,0,0.0,0.0,9404.16
2025-09-04,Night,14.4,3,3,0,0.0,0.0,5479.2
2025-09-05,Day,30.75,8,8,0,0.0,0.0,8716.72
2025-09-05,Evening,30.75,7,7,0,0.0,0.0,9670.8
2025-09-05,Night,13.5,3,3,0,0.0,0.0,5401.1
2025-09-06,Day,27.47,7,7,0,0.0,0.0,13177.1
2025-09-06,Evening,27.47,6,6,0,0.0,0.0,6625.0
2025-09-06,Night,12.06,3,3,0,0.0,0.0,5081.4
2025-09-07,Day,27.47,7,7,0,0.0,0.0,12583.3
2025-09-07,Evening,27.47,6,6,0,0.0,0.0,7958.3
2025-09-07,Night,12.06,3,3,0,0.0,0.0,5306.4
2025-09-08,Day,34.44,9,9,0,0.0,0.0,12687.36
2025-09-08,Evening,34.44,7,7,0,0.0,0.0,6987.52
2025-09-08,Night,15.12,3,3,0,0.0,0.0,4208.4
2025-09-09,Day,30.75,8,8,0,0.0,0.0,11154.16
2025-09-09,Evening,30.75,7,7,0,0.0,0.0,5995.92
2025-09-09,Night,13.5,3,3,0,0.0,0.0,5656.3
2025-09-10,Day,32.39,9,9,0,0.0,0.0,13270.8
2025-09-10,Evening,32.39,7,7,0,0.0,0.0,7966.8
2025-09-10,Night,14.22,3,3,0,0.0,0.0,6036.4
2025-09-11,Day,25.83,7,7,0,0.0,0.0,8991.68
2025-09-11,Evening,25.83,6,6,0,0.0,0.0,10516.64
2025-09-11,Night,11.34,2,2,0,0.0,0.0,2864.6
2025-09-12,Day,20.91,6,6,0,0.0,0.0,5462.48
2025-09-12,Evening,20.91,5,5,0,0.0,0.0,7637.52
2025-09-12,Night,9.18,2,2,0,0.0,0.0,5135.5
2025-09-13,Day,25.01,7,7,0,0.0,0.0,7500.1
2025-09-13,Evening,25.01,6,6,0,0.0,0.0,9953.1
2025-09-13,Night,10.98,2,2,0,0.0,0.0,4556.28
2025-09-14,Day,31.98,8,8,0,0.0,0.0,13130.3
2025-09-14,Evening,31.98,7,7,0,0.0,0.0,10843.7
2025-09-14,Night,14.04,3,3,0,0.0,0.0,5487.48
2025-09-15,Day,40.59,11,11,0,0.0,0.0,15441.68
2025-09-15,Evening,40.59,9,8,1,8.0,3188.12,13946.44
2025-09-15,Night,17.82,3,2,1,8.0,3188.12,5651.62
2025-09-16,Day,27.88,7,7,0,0.0,0.0,8987.44
2025-09-16,Evening,27.88,6,6,0,0.0,0.0,6441.76
2025-09-16,Night,12.24,3,3,0,0.0,0.0,5052.1
2025-09-17,Day,27.06,7,7,0,0.0,0.0,8420.72
2025-09-17,Evening,27.06,6,6,0,0.0,0.0,9358.4
2025-09-17,Night,11.88,2,2,0,0.0,0.0,3593.7
2025-09-18,Day,28.7,8,8,0,0.0,0.0,10283.36
2025-09-18,Evening,28.7,6,6,0,0.0,0.0,9937.44
2025-09-18,Night,12.6,3,3,0,0.0,0.0,5411.4
2025-09-19,Day,34.44,9,9,0,0.0,0.0,9650.0
2025-09-19,Evening,34.44,7,6,1,8.0,3188.12,13829.8
2025-09-19,Night,15.12,3,1,2,16.0,6376.25,7647.05
2025-09-20,Day,22.55,6,6,0,0.0,0.0,8338.6
2025-09-20,Evening,22.55,5,5,0,0.0,0.0,6265.6
2025-09-20,Night,9.9,2,2,0,0.0,0.0,4718.76
2025-09-21,Day,28.29,8,8,0,0.0,0.0,10047.0
2025-09-21,Evening,28.29,6,6,0,0.0,0.0,10015.6
2025-09-21,Night,12.42,3,3,0,0.0,0.0,7506.24
2025-09-22,Day,27.47,7,7,0,0.0,0.0,10329.2
2025-09-22,Evening,27.47,6,6,0,0.0,0.0,5462.56
2025-09-22,Night,12.06,3,3,0,0.0,0.0,5895.8
2025-09-23,Day,26.65,7,7,0,0.0,0.0,9087.52
2025-09-23,Evening,26.65,6,6,0,0.0,0.0,6104.24
2025-09-23,Night,11.7,2,2,0,0.0,0.0,4072.9
2025-09-24,Day,19.27,5,5,0,0.0,0.0,8824.96
2025-09-24,Evening,19.27,4,4,0,0.0,0.0,14041.6
2025-09-24,Night,8.46,2,2,0,0.0,0.0,5259.42
2025-09-25,Day,18.45,5,5,0,0.0,0.0,5320.8
2025-09-25,Evening,18.45,4,4,0,0.0,0.0,5758.32
2025-09-25,Night,8.1,2,2,0,0.0,0.0,4854.1
2025-09-26,Day,12.71,4,4,0,0.0,0.0,6475.12
2025-09-26,Evening,12.71,3,3,0,0.0,0.0,2329.12
2025-09-26,Night,5.58,1,1,0,0.0,0.0,1895.8
2025-09-27,Day,10.25,3,3,0,0.0,0.0,4270.9
2025-09-27,Evening,10.25,3,3,0,0.0,0.0,4322.9
2025-09-27,Night,4.5,1,1,0,0.0,0.0,2187.48
2025-09-28,Day,17.22,5,5,0,0.0,0.0,4994.9
2025-09-28,Evening,17.22,4,4,0,0.0,0.0,7088.6
2025-09-28,Night,7.56,2,2,0,0.0,0.0,5487.48
2025-09-29,Day,31.16,8,8,0,0.0,0.0,7533.36
2025-09-29,Evening,31.16,7,7,0,0.0,0.0,11929.2
2025-09-29,Night,13.68,3,3,0,0.0,0.0,4083.4
2025-09-30,Day,28.7,8,8,0,0.0,0.0,8541.68
2025-09-30,Evening,28.7,6,6,0,0.0,0.0,8287.52
2025-09-30,Night,12.6,3,3,0,0.0,0.0,5265.6
2025-10-01,Day,36.49,10,10,0,0.0,0.0,10133.28
2025-10-01,Evening,36.49,8,8,0,0.0,0.0,12554.16
2025-10-01,Night,16.02,3,3,0,0.0,0.0,3869.8
2025-10-02,Day,23.78,6,6,0,0.0,0.0,6474.96
2025-10-02,Evening,23.78,5,5,0,0.0,0.0,5720.88
2025-10-02,Night,10.44,2,2,0,0.0,0.0,4359.4
2025-10-03,Day,21.32,6,6,0,0.0,0.0,6379.12
2025-10-03,Evening,21.32,5,5,0,0.0,0.0,8450.0
2025-10-03,Night,9.36,2,2,0,0.0,0.0,2901.0
2025-10-04,Day,19.68,5,5,0,0.0,0.0,5510.4
2025-10-04,Evening,19.68,4,4,0,0.0,0.0,5442.8
2025-10-04,Night,8.64,2,2,0,0.0,0.0,3575.04
2025-10-05,Day,27.06,7,7,0,0.0,0.0,12015.7
2025-10-05,Evening,27.06,6,6,0,0.0,0.0,5619.8
2025-10-05,Night,11.88,2,2,0,0.0,0.0,3662.52
2025-10-06,Day,32.39,9,9,0,0.0,0.0,9620.88
2025-10-06,Evening,32.39,7,7,0,0.0,0.0,9400.0
2025-10-06,Night,14.22,3,3,0,0.0,0.0,4875.0
2025-10-07,Day,32.39,9,9,0,0.0,0.0,11246.0
2025-10-07,Evening,32.39,7,7,0,0.0,0.0,9087.44
2025-10-07,Night,14.22,3,3,0,0.0,0.0,4875.0
2025-10-08,Day,30.75,8,8,0,0.0,0.0,9775.12
2025-10-08,Evening,30.75,7,7,0,0.0,0.0,10916.64
2025-10-08,Night,13.5,3,3,0,0.0,0.0,3750.0
2025-10-09,Day,26.24,7,7,0,0.0,0.0,8354.32
2025-10-09,Evening,26.24,6,6,0,0.0,0.0,7158.32
2025-10-09,Night,11.52,2,2,0,0.0,0.0,3218.8
2025-10-10,Day,26.24,7,7,0,0.0,0.0,7987.52
2025-10-10,Evening,26.24,6,6,0,0.0,0.0,10475.04
2025-10-10,Night,11.52,2,2,0,0.0,0.0,2656.2
2025-10-11,Day,22.55,6,6,0,0.0,0.0,7718.7
2025-10-11,Evening,22.55,5,5,0,0.0,0.0,6823.0
2025-10-11,Night,9.9,2,2,0,0.0,0.0,3187.44
2025-10-12,Day,26.65,7,7,0,0.0,0.0,9161.4
2025-10-12,Evening,26.65,6,6,0,0.0,0.0,10333.4
2025-10-12,Night,11.7,2,2,0,0.0,0.0,3693.84
2025-10-13,Day,29.93,8,8,0,0.0,0.0,8141.68
2025-10-13,Evening,29.93,6,6,0,0.0,0.0,10445.76
2025-10-13,Night,13.14,3,3,0,0.0,0.0,3645.9
2025-10-14,Day,31.16,8,8,0,0.0,0.0,7716.72
2025-10-14,Evening,31.16,7,7,0,0.0,0.0,11108.32
2025-10-14,Night,13.68,3,3,0,0.0,0.0,3942.7
2025-10-15,Day,26.65,7,7,0,0.0,0.0,6891.68
2025-10-15,Evening,26.65,6,6,0,0.0,0.0,10687.44
2025-10-15,Night,11.7,2,2,0,0.0,0.0,5135.5
2025-10-16,Day,22.14,6,6,0,0.0,0.0,5237.52
2025-10-16,Evening,22.14,5,5,0,0.0,0.0,6325.12
2025-10-16,Night,9.72,2,2,0,0.0,0.0,4713.5
2025-10-17,Day,31.57,8,8,0,0.0,0.0,8987.52
2025-10-17,Evening,31.57,7,7,0,0.0,0.0,10512.48
2025-10-17,Night,13.86,3,3,0,0.0,0.0,4583.3
2025-10-18,Day,18.45,5,5,0,0.0,0.0,5307.3
2025-10-18,Evening,18.45,4,4,0,0.0,0.0,7375.0
2025-10-18,Night,8.1,2,2,0,0.0,0.0,3337.44
2025-10-19,Day,21.32,6,6,0,0.0,0.0,7234.5
2025-10-19,Evening,21.32,5,5,0,0.0,0.0,8682.2
2025-10-19,Night,9.36,2,2,0,0.0,0.0,3525.0
2025-10-20,Day,24.19,7,7,0,0.0,0.0,6991.76
2025-10-20,Evening,24.19,5,5,0,0.0,0.0,5870.8
2025-10-20,Night,10.62,2,2,0,0.0,0.0,4500.0
2025-10-21,Day,30.75,8,8,0,0.0,0.0,7616.72
2025-10-21,Evening,30.75,7,7,0,0.0,0.0,9374.96
2025-10-21,Night,13.5,3,3,0,0.0,0.0,7031.3
2025-10-22,Day,27.06,7,7,0,0.0,0.0,8483.36
2025-10-22,Evening,27.06,6,6,0,0.0,0.0,7783.36
2025-10-22,Night,11.88,2,2,0,0.0,0.0,4854.2
2025-10-23,Day,27.06,7,7,0,0.0,0.0,6995.84
2025-10-23,Evening,27.06,6,6,0,0.0,0.0,9266.72
2025-10-23,Night,11.88,2,2,0,0.0,0.0,3489.6
2025-10-24,Day,30.75,8,8,0,0.0,0.0,8983.28
2025-10-24,Evening,30.75,7,7,0,0.0,0.0,9525.04
2025-10-24,Night,13.5,3,3,0,0.0,0.0,4645.9
2025-10-25,Day,25.42,7,7,0,0.0,0.0,9838.5
2025-10-25,Evening,25.42,6,6,0,0.0,0.0,8609.4
2025-10-25,Night,11.16,2,2,0,0.0,0.0,3506.28
2025-10-26,Day,30.75,8,8,0,0.0,0.0,11177.0
2025-10-26,Evening,30.75,7,7,0,0.0,0.0,9151.2
2025-10-26,Night,13.5,3,3,0,0.0,0.0,5537.52
2025-10-27,Day,36.08,10,10,0,0.0,0.0,12262.48
2025-10-27,Evening,36.08,8,8,0,0.0,0.0,10220.88
2025-10-27,Night,15.84,3,2,1,8.0,3188.12,6958.92
2025-10-28,Day,30.34,8,8,0,0.0,0.0,8079.2
2025-10-28,Evening,30.34,7,7,0,0.0,0.0,9624.96
2025-10-28,Night,13.32,3,3,0,0.0,0.0,6375.0
2025-10-29,Day,34.03,9,9,0,0.0,0.0,9808.4
2025-10-29,Evening,34.03,7,7,0,0.0,0.0,9033.36
2025-10-29,Night,14.94,3,3,0,0.0,0.0,5875.0
2025-10-30,Day,32.39,9,9,0,0.0,0.0,9658.4
2025-10-30,Evening,32.39,7,6,1,8.0,3188.12,11725.64
2025-10-30,Night,14.22,3,3,0,0.0,0.0,5875.0
2025-10-31,Day,27.88,7,7,0,0.0,0.0,6579.2
2025-10-31,Evening,27.88,6,6,0,0.0,0.0,6345.84
2025-10-31,Night,12.24,3,3,0,0.0,0.0,6750.0
2025-11-01,Day,27.88,7,7,0,0.0,0.0,10161.5
2025-11-01,Evening,27.88,6,6,0,0.0,0.0,6927.1
2025-11-01,Night,12.24,3,3,0,0.0,0.0,7074.96
2025-11-02,Day,33.21,9,9,0,0.0,0.0,11838.7
2025-11-02,Evening,33.21,7,7,0,0.0,0.0,9979.2
2025-11-02,Night,14.58,3,3,0,0.0,0.0,7074.96
2025-11-03,Day,36.08,10,10,0,0.0,0.0,11504.24
2025-11-03,Evening,36.08,8,6,2,16.0,6376.25,14705.45
2025-11-03,Night,15.84,3,2,1,8.0,3188.12,7047.42
2025-11-04,Day,36.9,10,10,0,0.0,0.0,11670.88
2025-11-04,Evening,36.9,8,3,5,40.0,15940.62,19194.78
2025-11-04,Night,16.2,3,2,1,8.0,3188.12,7047.42
2025-11-05,Day,36.08,10,10,0,0.0,0.0,11512.64
2025-11-05,Evening,36.08,8,8,0,0.0,0.0,9941.68
2025-11-05,Night,15.84,3,3,0,0.0,0.0,6890.6
2025-11-06,Day,34.03,9,9,0,0.0,0.0,9429.28
2025-11-06,Evening,34.03,7,7,0,0.0,0.0,8337.6
2025-11-06,Night,14.94,3,3,0,0.0,0.0,7317.7
2025-11-07,Day,32.8,9,9,0,0.0,0.0,9675.12
2025-11-07,Evening,32.8,7,4,3,24.0,9564.37,14885.17
2025-11-07,Night,14.4,3,1,2,16.0,6376.25,8699.15
2025-11-08,Day,22.14,6,6,0,0.0,0.0,8104.1
2025-11-08,Evening,22.14,5,5,0,0.0,0.0,6656.4
2025-11-08,Night,9.72,2,2,0,0.0,0.0,3706.2
2025-11-09,Day,29.93,8,8,0,0.0,0.0,11505.1
2025-11-09,Evening,29.93,6,6,0,0.0,0.0,8067.9
2025-11-09,Night,13.14,3,3,0,0.0,0.0,4999.92
2025-11-10,Day,37.31,10,10,0,0.0,0.0,11912.48
2025-11-10,Evening,37.31,8,8,0,0.0,0.0,11775.12
2025-11-10,Night,16.38,3,1,2,16.0,6376.25,8272.05
2025-11-11,Day,27.47,7,7,0,0.0,0.0,10150.08
2025-11-11,Evening,27.47,6,6,0,0.0,0.0,8166.56
2025-11-11,Night,12.06,3,3,0,0.0,0.0,5104.1
2025-11-12,Day,29.93,8,8,0,0.0,0.0,9908.4
2025-11-12,Evening,29.93,6,6,0,0.0,0.0,8054.16
2025-11-12,Night,13.14,3,3,0,0.0,0.0,3822.9
2025-11-13,Day,34.44,9,9,0,0.0,0.0,10354.24
2025-11-13,Evening,34.44,7,7,0,0.0,0.0,10900.08
2025-11-13,Night,15.12,3,3,0,0.0,0.0,4218.8
2025-11-14,Day,36.49,10,10,0,0.0,0.0,9945.84
2025-11-14,Evening,36.49,8,8,0,0.0,0.0,11854.24
2025-11-14,Night,16.02,3,3,0,0.0,0.0,5494.9
2025-11-15,Day,32.8,9,9,0,0.0,0.0,11437.6
2025-11-15,Evening,32.8,7,7,0,0.0,0.0,9473.9
2025-11-15,Night,14.4,3,3,0,0.0,0.0,6506.4
2025-11-16,Day,31.16,8,8,0,0.0,0.0,11817.7
2025-11-16,Evening,31.16,7,7,0,0.0,0.0,8593.8
2025-11-16,Night,13.68,3,3,0,0.0,0.0,5737.56
2025-11-17,Day,31.98,8,8,0,0.0,0.0,12387.52
2025-11-17,Evening,31.98,7,7,0,0.0,0.0,6929.2
2025-11-17,Night,14.04,3,3,0,0.0,0.0,4781.3
2025-11-18,Day,27.88,7,7,0,0.0,0.0,10433.28
2025-11-18,Evening,27.88,6,6,0,0.0,0.0,7550.08
2025-11-18,Night,12.24,3,2,1,8.0,3188.12,7755.82
2025-11-19,Day,39.77,10,10,0,0.0,0.0,11662.48
2025-11-19,Evening,39.77,8,8,0,0.0,0.0,9870.88
2025-11-19,Night,17.46,3,0,3,24.0,9564.37,9564.37
2025-11-20,Day,29.11,8,8,0,0.0,0.0,8783.36
2025-11-20,Evening,29.11,6,6,0,0.0,0.0,7458.4
2025-11-20,Night,12.78,3,3,0,0.0,0.0,6890.6
2025-11-21,Day,29.93,8,8,0,0.0,0.0,7616.8
2025-11-21,Evening,29.93,6,6,0,0.0,0.0,6887.52
2025-11-21,Night,13.14,3,3,0,0.0,0.0,6250.0
2025-11-22,Day,26.65,7,7,0,0.0,0.0,8375.1
2025-11-22,Evening,26.65,6,6,0,0.0,0.0,6739.7
2025-11-22,Night,11.7,2,2,0,0.0,0.0,3881.16
2025-11-23,Day,22.55,6,6,0,0.0,0.0,9307.4
2025-11-23,Evening,22.55,5,5,0,0.0,0.0,5932.3
2025-11-23,Night,9.9,2,2,0,0.0,0.0,3437.52
2025-11-24,Day,27.88,7,7,0,0.0,0.0,8412.56
2025-11-24,Evening,27.88,6,6,0,0.0,0.0,8962.56
2025-11-24,Night,12.24,3,3,0,0.0,0.0,4135.4
2025-11-25,Day,27.47,7,7,0,0.0,0.0,11137.52
2025-11-25,Evening,27.47,6,6,0,0.0,0.0,7995.84
2025-11-25,Night,12.06,3,3,0,0.0,0.0,5052.1
2025-11-26,Day,34.03,9,9,0,0.0,0.0,12150.0
2025-11-26,Evening,34.03,7,7,0,0.0,0.0,7079.2
2025-11-26,Night,14.94,3,3,0,0.0,0.0,5125.0
2025-11-27,Day,34.85,9,9,0,0.0,0.0,12187.44
2025-11-27,Evening,34.85,7,7,0,0.0,0.0,7837.6
2025-11-27,Night,15.3,3,3,0,0.0,0.0,5130.2
2025-11-28,Day,27.47,7,7,0,0.0,0.0,7600.0
2025-11-28,Evening,27.47,6,6,0,0.0,0.0,8304.24
2025-11-28,Night,12.06,3,3,0,0.0,0.0,3963.6
2025-11-29,Day,23.37,6,6,0,0.0,0.0,7500.0
2025-11-29,Evening,23.37,5,5,0,0.0,0.0,6192.8
2025-11-29,Night,10.26,2,2,0,0.0,0.0,4062.6
2025-11-30,Day,32.39,9,9,0,0.0,0.0,10005.2
2025-11-30,Evening,32.39,7,7,0,0.0,0.0,11073.0
2025-11-30,Night,14.22,3,3,0,0.0,0.0,4556.28
2025-12-01,Day,34.85,9,9,0,0.0,0.0,10270.88
2025-12-01,Evening,34.85,7,7,0,0.0,0.0,10050.0
2025-12-01,Night,15.3,3,3,0,0.0,0.0,3796.9
2025-12-02,Day,29.93,8,8,0,0.0,0.0,12100.08
2025-12-02,Evening,29.93,6,6,0,0.0,0.0,9100.0
2025-12-02,Night,13.14,3,3,0,0.0,0.0,4020.9
2025-12-03,Day,30.75,8,8,0,0.0,0.0,9337.52
2025-12-03,Evening,30.75,7,7,0,0.0,0.0,10829.12
2025-12-03,Night,13.5,3,3,0,0.0,0.0,3942.7
2025-12-04,Day,31.57,8,8,0,0.0,0.0,7750.08
2025-12-04,Evening,31.57,7,7,0,0.0,0.0,12537.52
2025-12-04,Night,13.86,3,3,0,0.0,0.0,3437.5
2025-12-05,Day,29.93,8,8,0,0.0,0.0,9216.72
2025-12-05,Evening,29.93,6,6,0,0.0,0.0,8483.36
2025-12-05,Night,13.14,3,3,0,0.0,0.0,3724.0
2025-12-06,Day,34.03,9,9,0,0.0,0.0,10385.5
2025-12-06,Evening,34.03,7,7,0,0.0,0.0,11213.6
2025-12-06,Night,14.94,3,3,0,0.0,0.0,5993.88
2025-12-07,Day,31.57,8,8,0,0.0,0.0,11583.3
2025-12-07,Evening,31.57,7,7,0,0.0,0.0,7541.7
2025-12-07,Night,13.86,3,3,0,0.0,0.0,6168.84
2025-12-08,Day,29.11,8,8,0,0.0,0.0,10454.16
2025-12-08,Evening,29.11,6,6,0,0.0,0.0,4866.72
2025-12-08,Night,12.78,3,3,0,0.0,0.0,3895.9
2025-12-09,Day,28.29,8,8,0,0.0,0.0,11429.2
2025-12-09,Evening,28.29,6,6,0,0.0,0.0,9450.0
2025-12-09,Night,12.42,3,3,0,0.0,0.0,4198.0
2025-12-10,Day,30.34,8,8,0,0.0,0.0,10616.56
2025-12-10,Evening,30.34,7,7,0,0.0,0.0,11804.16
2025-12-10,Night,13.32,3,3,0,0.0,0.0,4531.3
2025-12-11,Day,34.03,9,9,0,0.0,0.0,10170.88
2025-12-11,Evening,34.03,7,7,0,0.0,0.0,10287.52
2025-12-11,Night,14.94,3,3,0,0.0,0.0,4234.4
2025-12-12,Day,34.44,9,9,0,0.0,0.0,11129.2
2025-12-12,Evening,34.44,7,7,0,0.0,0.0,7450.08
2025-12-12,Night,15.12,3,3,0,0.0,0.0,4093.7
2025-12-13,Day,24.6,7,7,0,0.0,0.0,9463.6
2025-12-13,Evening,24.6,5,5,0,0.0,0.0,8474.0
2025-12-13,Night,10.8,2,2,0,0.0,0.0,4062.6
2025-12-14,Day,18.04,5,5,0,0.0,0.0,5974.0
2025-12-14,Evening,18.04,4,4,0,0.0,0.0,4619.8
2025-12-14,Night,7.92,2,2,0,0.0,0.0,4056.24
2025-12-15,Day,35.26,9,9,0,0.0,0.0,8591.76
2025-12-15,Evening,35.26,8,8,0,0.0,0.0,10550.0
2025-12-15,Night,15.48,3,3,0,0.0,0.0,4322.9
2025-12-16,Day,25.01,7,7,0,0.0,0.0,15958.4
2025-12-16,Evening,25.01,6,6,0,0.0,0.0,19166.72
2025-12-16,Night,10.98,2,2,0,0.0,0.0,5962.68
2025-12-17,Day,39.77,10,10,0,0.0,0.0,13070.8
2025-12-17,Evening,39.77,8,8,0,0.0,0.0,11204.16
2025-12-17,Night,17.46,3,3,0,0.0,0.0,4729.2
2025-12-18,Day,28.7,8,8,0,0.0,0.0,9162.48
2025-12-18,Evening,28.7,6,6,0,0.0,0.0,10233.36
2025-12-18,Night,12.6,3,3,0,0.0,0.0,7385.4
2025-12-19,Day,31.16,8,8,0,0.0,0.0,6366.72
2025-12-19,Evening,31.16,7,7,0,0.0,0.0,9750.0
2025-12-19,Night,13.68,3,3,0,0.0,0.0,7458.4
2025-12-20,Day,24.19,7,7,0,0.0,0.0,7937.6
2025-12-20,Evening,24.19,5,5,0,0.0,0.0,7635.4
2025-12-20,Night,10.62,2,2,0,0.0,0.0,4375.08
2025-12-21,Day,23.37,6,6,0,0.0,0.0,6359.4
2025-12-21,Evening,23.37,5,5,0,0.0,0.0,7354.2
2025-12-21,Night,10.26,2,2,0,0.0,0.0,3337.44
2025-12-22,Day,27.47,7,7,0,0.0,0.0,6012.56
2025-12-22,Evening,27.47,6,6,0,0.0,0.0,6525.04
2025-12-22,Night,12.06,3,3,0,0.0,0.0,6463.6
2025-12-23,Day,30.34,8,8,0,0.0,0.0,9795.84
2025-12-23,Evening,30.34,7,7,0,0.0,0.0,8175.12
2025-12-23,Night,13.32,3,3,0,0.0,0.0,5291.7
2025-12-24,Day,25.01,7,7,0,0.0,0.0,9129.12
2025-12-24,Evening,25.01,6,6,0,0.0,0.0,8758.32
2025-12-24,Night,10.98,2,2,0,0.0,0.0,4708.4
2025-12-25,Day,14.76,4,4,0,0.0,0.0,11958.24
2025-12-25,Evening,14.76,3,3,0,0.0,0.0,9441.6
2025-12-25,Night,6.48,2,2,0,0.0,0.0,5493.78
2025-12-26,Day,23.37,6,6,0,0.0,0.0,17358.24
2025-12-26,Evening,23.37,5,5,0,0.0,0.0,12300.16
2025-12-26,Night,10.26,2,2,0,0.0,0.0,5428.08
2025-12-27,Day,21.32,6,6,0,0.0,0.0,7609.4
2025-12-27,Evening,21.32,5,5,0,0.0,0.0,6250.1
2025-12-27,Night,9.36,2,2,0,0.0,0.0,3481.2
2025-12-28,Day,22.55,6,6,0,0.0,0.0,7921.8
2025-12-28,Evening,22.55,5,5,0,0.0,0.0,6854.3
2025-12-28,Night,9.9,2,2,0,0.0,0.0,3525.0
2025-12-29,Day,29.11,8,8,0,0.0,0.0,7516.72
2025-12-29,Evening,29.11,6,6,0,0.0,0.0,8525.04
2025-12-29,Night,12.78,3,3,0,0.0,0.0,5474.0
2025-12-30,Day,28.29,8,8,0,0.0,0.0,7866.72
2025-12-30,Evening,28.29,6,6,0,0.0,0.0,10354.24
2025-12-30,Night,12.42,3,3,0,0.0,0.0,3578.1
2025-12-31,Day,22.55,6,6,0,0.0,0.0,5970.88
2025-12-31,Evening,22.55,5,5,0,0.0,0.0,8400.0
2025-12-31,Night,9.9,2,2,0,0.0,0.0,2901.0
2026-01-01,Day,19.27,5,5,0,0.0,0.0,11516.64
2026-01-01,Evening,19.27,4,4,0,0.0,0.0,10933.28
2026-01-01,Night,8.46,2,2,0,0.0,0.0,5156.28
2026-01-02,Day,31.57,8,8,0,0.0,0.0,10441.68
2026-01-02,Evening,31.57,7,7,0,0.0,0.0,6383.36
2026-01-02,Night,13.86,3,3,0,0.0,0.0,5822.9
2026-01-03,Day,20.5,6,6,0,0.0,0.0,8088.6
2026-01-03,Evening,20.5,5,5,0,0.0,0.0,5265.7
2026-01-03,Night,9.0,2,2,0,0.0,0.0,3712.44
2026-01-04,Day,17.63,5,5,0,0.0,0.0,8416.7
2026-01-04,Evening,17.63,4,4,0,0.0,0.0,3854.2
2026-01-04,Night,7.74,2,2,0,0.0,0.0,3649.92
2026-01-05,Day,39.77,10,10,0,0.0,0.0,13520.96
2026-01-05,Evening,39.77,8,8,0,0.0,0.0,9424.96
2026-01-05,Night,17.46,3,3,0,0.0,0.0,5572.9
2026-01-06,Day,34.44,9,9,0,0.0,0.0,10316.8
2026-01-06,Evening,34.44,7,7,0,0.0,0.0,9770.8
2026-01-06,Night,15.12,3,3,0,0.0,0.0,5432.2
2026-01-07,Day,25.83,7,7,0,0.0,0.0,9495.92
2026-01-07,Evening,25.83,6,6,0,0.0,0.0,6620.88
2026-01-07,Night,11.34,2,2,0,0.0,0.0,3468.7
2026-01-08,Day,34.85,9,9,0,0.0,0.0,11545.84
2026-01-08,Evening,34.85,7,7,0,0.0,0.0,7754.16
2026-01-08,Night,15.3,3,3,0,0.0,0.0,5432.2
2026-01-09,Day,27.47,7,7,0,0.0,0.0,8750.0
2026-01-09,Evening,27.47,6,6,0,0.0,0.0,8604.16
2026-01-09,Night,12.06,3,3,0,0.0,0.0,3890.6
2026-01-10,Day,24.6,7,7,0,0.0,0.0,7781.3
2026-01-10,Evening,24.6,5,5,0,0.0,0.0,7354.2
2026-01-10,Night,10.8,2,2,0,0.0,0.0,3637.56
2026-01-11,Day,25.83,7,7,0,0.0,0.0,9031.2
2026-01-11,Evening,25.83,6,6,0,0.0,0.0,6703.2
2026-01-11,Night,11.34,2,2,0,0.0,0.0,3637.56
2026-01-12,Day,29.11,8,8,0,0.0,0.0,8504.16
2026-01-12,Evening,29.11,6,6,0,0.0,0.0,10400.0
2026-01-12,Night,12.78,3,3,0,0.0,0.0,5823.0
2026-01-13,Day,26.24,7,7,0,0.0,0.0,6666.72
2026-01-13,Evening,26.24,6,6,0,0.0,0.0,8933.36
2026-01-13,Night,11.52,2,2,0,0.0,0.0,4572.9
2026-01-14,Day,28.29,8,8,0,0.0,0.0,9024.96
2026-01-14,Evening,28.29,6,6,0,0.0,0.0,9095.92
2026-01-14,Night,12.42,3,3,0,0.0,0.0,3822.9
2026-01-15,Day,30.75,8,8,0,0.0,0.0,8887.44
2026-01-15,Evening,30.75,7,7,0,0.0,0.0,10716.64
2026-01-15,Night,13.5,3,3,0,0.0,0.0,3562.5
2026-01-16,Day,26.65,7,7,0,0.0,0.0,9191.6
2026-01-16,Evening,26.65,6,6,0,0.0,0.0,8750.0
2026-01-16,Night,11.7,2,2,0,0.0,0.0,2677.1
2026-01-17,Day,27.47,7,7,0,0.0,0.0,8744.8
2026-01-17,Evening,27.47,6,6,0,0.0,0.0,9562.4
2026-01-17,Night,12.06,3,3,0,0.0,0.0,4543.8
2026-01-18,Day,21.73,6,6,0,0.0,0.0,6546.9
2026-01-18,Evening,21.73,5,5,0,0.0,0.0,7458.3
2026-01-18,Night,9.54,2,2,0,0.0,0.0,3125.04
2026-01-19,Day,24.6,7,7,0,0.0,0.0,7000.16
2026-01-19,Evening,24.6,5,5,0,0.0,0.0,6000.0
2026-01-19,Night,10.8,2,2,0,0.0,0.0,4286.5
2026-01-20,Day,29.93,8,8,0,0.0,0.0,8575.12
2026-01-20,Evening,29.93,6,6,0,0.0,0.0,7070.8
2026-01-20,Night,13.14,3,3,0,0.0,0.0,6677.1
2026-01-21,Day,30.34,8,8,0,0.0,0.0,10896.0
2026-01-21,Evening,30.34,7,7,0,0.0,0.0,7075.04
2026-01-21,Night,13.32,3,3,0,0.0,0.0,6322.9
2026-01-22,Day,29.11,8,8,0,0.0,0.0,11850.0
2026-01-22,Evening,29.11,6,6,0,0.0,0.0,5262.56
2026-01-22,Night,12.78,3,3,0,0.0,0.0,4401.0
2026-01-23,Day,25.42,7,7,0,0.0,0.0,12937.44
2026-01-23,Evening,25.42,6,6,0,0.0,0.0,5037.52
2026-01-23,Night,11.16,2,2,0,0.0,0.0,3130.2
2026-01-24,Day,25.42,7,7,0,0.0,0.0,9984.3
2026-01-24,Evening,25.42,6,6,0,0.0,0.0,6729.2
2026-01-24,Night,11.16,2,2,0,0.0,0.0,4462.44
2026-01-25,Day,29.11,8,8,0,0.0,0.0,9807.3
2026-01-25,Evening,29.11,6,6,0,0.0,0.0,8984.4
2026-01-25,Night,12.78,3,3,0,0.0,0.0,7843.68
2026-01-26,Day,35.26,9,9,0,0.0,0.0,9504.32
2026-01-26,Evening,35.26,8,8,0,0.0,0.0,12758.4
2026-01-26,Night,15.48,3,3,0,0.0,0.0,3541.6
2026-01-27,Day,28.7,8,8,0,0.0,0.0,8141.76
2026-01-27,Evening,28.7,6,6,0,0.0,0.0,8362.48
2026-01-27,Night,12.6,3,3,0,0.0,0.0,4208.3
2026-01-28,Day,30.75,8,8,0,0.0,0.0,10483.44
2026-01-28,Evening,30.75,7,7,0,0.0,0.0,8045.92
2026-01-28,Night,13.5,3,3,0,0.0,0.0,4322.9
2026-01-29,Day,31.98,8,8,0,0.0,0.0,9966.72
2026-01-29,Evening,31.98,7,7,0,0.0,0.0,9991.68
2026-01-29,Night,14.04,3,3,0,0.0,0.0,4135.4
2026-01-30,Day,28.29,8,8,0,0.0,0.0,9891.68
2026-01-30,Evening,28.29,6,6,0,0.0,0.0,10475.04
2026-01-30,Night,12.42,3,3,0,0.0,0.0,3697.9
2026-01-31,Day,25.83,7,7,0,0.0,0.0,9812.5
2026-01-31,Evening,25.83,6,6,0,0.0,0.0,10239.6
2026-01-31,Night,11.34,2,2,0,0.0,0.0,3187.44
